date,hour,media_temp,min_temp,max_temp
2025-07-20,0,12.0,12.0,12.0
2025-07-20,1,11.8,11.8,11.8
2025-07-20,2,11.4,11.4,11.4
2025-07-20,3,11.0,11.0,11.0
2025-07-20,4,10.5,10.5,10.5
2025-07-20,5,10.3,10.3,10.3
2025-07-20,6,9.9,9.9,9.9
2025-07-20,7,9.5,9.5,9.5
2025-07-20,8,9.6,9.6,9.6
2025-07-20,9,10.8,10.8,10.8
2025-07-20,10,13.9,13.9,13.9
2025-07-20,11,16.0,16.0,16.0
2025-07-20,12,17.9,17.9,17.9
2025-07-20,13,19.4,19.4,19.4
2025-07-20,14,20.6,20.6,20.6
2025-07-20,15,21.3,21.3,21.3
2025-07-20,16,21.5,21.5,21.5
2025-07-20,17,21.0,21.0,21.0
2025-07-20,18,18.1,18.1,18.1
2025-07-20,19,15.7,15.7,15.7
2025-07-20,20,14.6,14.6,14.6
2025-07-20,21,14.2,14.2,14.2
2025-07-20,22,14.6,14.6,14.6
2025-07-20,23,14.5,14.5,14.5
2025-07-21,0,14.4,14.4,14.4
2025-07-21,1,14.1,14.1,14.1
2025-07-21,2,13.4,13.4,13.4
2025-07-21,3,12.8,12.8,12.8
2025-07-21,4,12.4,12.4,12.4
2025-07-21,5,12.2,12.2,12.2
2025-07-21,6,12.0,12.0,12.0
2025-07-21,7,12.0,12.0,12.0
2025-07-21,8,12.0,12.0,12.0
2025-07-21,9,13.5,13.5,13.5
2025-07-21,10,16.7,16.7,16.7
2025-07-21,11,19.5,19.5,19.5
2025-07-21,12,22.1,22.1,22.1
2025-07-21,13,24.0,24.0,24.0
2025-07-21,14,24.9,24.9,24.9
2025-07-21,15,25.2,25.2,25.2
2025-07-21,16,25.1,25.1,25.1
2025-07-21,17,24.3,24.3,24.3
2025-07-21,18,21.8,21.8,21.8
2025-07-21,19,18.9,18.9,18.9
2025-07-21,20,17.5,17.5,17.5
2025-07-21,21,16.8,16.8,16.8
2025-07-21,22,16.3,16.3,16.3
2025-07-21,23,16.0,16.0,16.0
2025-07-22,0,15.8,15.8,15.8
2025-07-22,1,15.4,15.4,15.4
2025-07-22,2,15.0,15.0,15.0
2025-07-22,3,14.5,14.5,14.5
2025-07-22,4,14.1,14.1,14.1
2025-07-22,5,14.0,14.0,14.0
2025-07-22,6,14.0,14.0,14.0
2025-07-22,7,13.6,13.6,13.6
2025-07-22,8,14.1,14.1,14.1
2025-07-22,9,15.6,15.6,15.6
2025-07-22,10,19.3,19.3,19.3
2025-07-22,11,22.6,22.6,22.6
2025-07-22,12,24.5,24.5,24.5
2025-07-22,13,25.3,25.3,25.3
2025-07-22,14,25.6,25.6,25.6
2025-07-22,15,25.2,25.2,25.2
2025-07-22,16,24.6,24.6,24.6
2025-07-22,17,23.5,23.5,23.5
2025-07-22,18,22.3,22.3,22.3
2025-07-22,19,21.8,21.8,21.8
2025-07-22,20,21.1,21.1,21.1
2025-07-22,21,20.0,20.0,20.0
2025-07-22,22,18.7,18.7,18.7
2025-07-22,23,17.9,17.9,17.9
2025-07-23,0,17.2,17.2,17.2
2025-07-23,1,16.6,16.6,16.6
2025-07-23,2,16.1,16.1,16.1
2025-07-23,3,15.3,15.3,15.3
2025-07-23,4,14.7,14.7,14.7
2025-07-23,5,14.2,14.2,14.2
2025-07-23,6,13.6,13.6,13.6
2025-07-23,7,13.3,13.3,13.3
2025-07-23,8,14.3,14.3,14.3
2025-07-23,9,17.0,17.0,17.0
2025-07-23,10,19.0,19.0,19.0
2025-07-23,11,20.5,20.5,20.5
2025-07-23,12,21.4,21.4,21.4
2025-07-23,13,21.8,21.8,21.8
2025-07-23,14,21.6,21.6,21.6
2025-07-23,15,21.1,21.1,21.1
2025-07-23,16,20.4,20.4,20.4
2025-07-23,17,19.4,19.4,19.4
2025-07-23,18,18.0,18.0,18.0
2025-07-23,19,16.6,16.6,16.6
2025-07-23,20,15.5,15.5,15.5
2025-07-23,21,14.7,14.7,14.7
2025-07-23,22,13.8,13.8,13.8
2025-07-23,23,13.4,13.4,13.4
2025-07-24,0,13.1,13.1,13.1
2025-07-24,1,12.8,12.8,12.8
2025-07-24,2,13.1,13.1,13.1
2025-07-24,3,13.4,13.4,13.4
2025-07-24,4,13.6,13.6,13.6
2025-07-24,5,13.8,13.8,13.8
2025-07-24,6,14.0,14.0,14.0
2025-07-24,7,14.2,14.2,14.2
2025-07-24,8,14.6,14.6,14.6
2025-07-24,9,15.3,15.3,15.3
2025-07-24,10,16.7,16.7,16.7
2025-07-24,11,18.4,18.4,18.4
2025-07-24,12,19.7,19.7,19.7
2025-07-24,13,20.9,20.9,20.9
2025-07-24,14,21.8,21.8,21.8
2025-07-24,15,22.4,22.4,22.4
2025-07-24,16,20.7,20.7,20.7
2025-07-24,17,17.7,17.7,17.7
2025-07-24,18,16.5,16.5,16.5
2025-07-24,19,15.9,15.9,15.9
2025-07-24,20,15.7,15.7,15.7
2025-07-24,21,15.7,15.7,15.7
2025-07-24,22,15.9,15.9,15.9
2025-07-24,23,16.1,16.1,16.1
2025-07-25,0,16.0,16.0,16.0
2025-07-25,1,15.3,15.3,15.3
2025-07-25,2,14.8,14.8,14.8
2025-07-25,3,14.5,14.5,14.5
2025-07-25,4,14.4,14.4,14.4
2025-07-25,5,14.3,14.3,14.3
2025-07-25,6,14.1,14.1,14.1
2025-07-25,7,13.9,13.9,13.9
2025-07-25,8,14.1,14.1,14.1
2025-07-25,9,15.8,15.8,15.8
2025-07-25,10,17.1,17.1,17.1
2025-07-25,11,17.4,17.4,17.4
2025-07-25,12,18.2,18.2,18.2
2025-07-25,13,18.4,18.4,18.4
2025-07-25,14,17.8,17.8,17.8
2025-07-25,15,18.5,18.5,18.5
2025-07-25,16,18.9,18.9,18.9
2025-07-25,17,18.5,18.5,18.5
2025-07-25,18,17.4,17.4,17.4
2025-07-25,19,16.5,16.5,16.5
2025-07-25,20,15.7,15.7,15.7
2025-07-25,21,15.0,15.0,15.0
2025-07-25,22,15.5,15.5,15.5
2025-07-25,23,15.1,15.1,15.1
2025-07-26,0,14.5,14.5,14.5
2025-07-26,1,14.1,14.1,14.1
2025-07-26,2,13.7,13.7,13.7
2025-07-26,3,13.4,13.4,13.4
2025-07-26,4,13.2,13.2,13.2
2025-07-26,5,13.0,13.0,13.0
2025-07-26,6,12.8,12.8,12.8
2025-07-26,7,12.7,12.7,12.7
2025-07-26,8,13.0,13.0,13.0
2025-07-26,9,13.9,13.9,13.9
2025-07-26,10,16.6,16.6,16.6
2025-07-26,11,18.8,18.8,18.8
2025-07-26,12,20.8,20.8,20.8
2025-07-26,13,22.5,22.5,22.5
2025-07-26,14,23.6,23.6,23.6
2025-07-26,15,24.1,24.1,24.1
2025-07-26,16,24.0,24.0,24.0
2025-07-26,17,23.4,23.4,23.4
2025-07-26,18,22.1,22.1,22.1
2025-07-26,19,20.9,20.9,20.9
2025-07-26,20,19.8,19.8,19.8
2025-07-26,21,19.1,19.1,19.1
2025-07-26,22,18.3,18.3,18.3
2025-07-26,23,17.7,17.7,17.7
2025-07-27,0,17.3,17.3,17.3
2025-07-27,1,16.6,16.6,16.6
2025-07-27,2,16.0,16.0,16.0
2025-07-27,3,15.2,15.2,15.2
2025-07-27,4,14.4,14.4,14.4
2025-07-27,5,13.7,13.7,13.7
2025-07-27,6,13.0,13.0,13.0
2025-07-27,7,12.9,12.9,12.9
2025-07-27,8,13.9,13.9,13.9
2025-07-27,9,16.5,16.5,16.5
2025-07-27,10,19.6,19.6,19.6
2025-07-27,11,23.3,23.3,23.3
2025-07-27,12,26.0,26.0,26.0
2025-07-27,13,26.6,26.6,26.6
2025-07-27,14,26.8,26.8,26.8
2025-07-27,15,26.8,26.8,26.8
2025-07-27,16,26.5,26.5,26.5
2025-07-27,17,25.9,25.9,25.9
2025-07-27,18,24.2,24.2,24.2
2025-07-27,19,22.8,22.8,22.8
2025-07-27,20,22.0,22.0,22.0
2025-07-27,21,21.0,21.0,21.0
2025-07-27,22,21.2,21.2,21.2
2025-07-27,23,20.9,20.9,20.9
2025-07-28,0,21.0,21.0,21.0
2025-07-28,1,21.6,21.6,21.6
2025-07-28,2,21.5,21.5,21.5
2025-07-28,3,21.4,21.4,21.4
2025-07-28,4,21.6,21.6,21.6
2025-07-28,5,20.7,20.7,20.7
2025-07-28,6,18.6,18.6,18.6
2025-07-28,7,18.0,18.0,18.0
2025-07-28,8,18.6,18.6,18.6
2025-07-28,9,20.3,20.3,20.3
2025-07-28,10,19.5,19.5,19.5
2025-07-28,11,21.4,21.4,21.4
2025-07-28,12,22.4,22.4,22.4
2025-07-28,13,23.6,23.6,23.6
2025-07-28,14,22.6,22.6,22.6
2025-07-28,15,21.9,21.9,21.9
2025-07-28,16,21.8,21.8,21.8
2025-07-28,17,21.7,21.7,21.7
2025-07-28,18,20.7,20.7,20.7
2025-07-28,19,19.9,19.9,19.9
2025-07-28,20,19.4,19.4,19.4
2025-07-28,21,18.1,18.1,18.1
2025-07-28,22,18.4,18.4,18.4
2025-07-28,23,17.5,17.5,17.5
2025-07-29,0,16.6,16.6,16.6
2025-07-29,1,15.7,15.7,15.7
2025-07-29,2,14.9,14.9,14.9
2025-07-29,3,14.2,14.2,14.2
2025-07-29,4,13.6,13.6,13.6
2025-07-29,5,12.7,12.7,12.7
2025-07-29,6,11.7,11.7,11.7
2025-07-29,7,11.0,11.0,11.0
2025-07-29,8,11.2,11.2,11.2
2025-07-29,9,12.2,12.2,12.2
2025-07-29,10,14.5,14.5,14.5
2025-07-29,11,16.0,16.0,16.0
2025-07-29,12,17.3,17.3,17.3
2025-07-29,13,18.3,18.3,18.3
2025-07-29,14,18.9,18.9,18.9
2025-07-29,15,19.1,19.1,19.1
2025-07-29,16,18.9,18.9,18.9
2025-07-29,17,18.3,18.3,18.3
2025-07-29,18,16.6,16.6,16.6
2025-07-29,19,14.3,14.3,14.3
2025-07-29,20,13.0,13.0,13.0
2025-07-29,21,12.0,12.0,12.0
2025-07-29,22,11.2,11.2,11.2
2025-07-29,23,10.8,10.8,10.8
2025-07-30,0,10.4,10.4,10.4
2025-07-30,1,10.0,10.0,10.0
2025-07-30,2,9.7,9.7,9.7
2025-07-30,3,9.3,9.3,9.3
2025-07-30,4,8.9,8.9,8.9
2025-07-30,5,8.5,8.5,8.5
2025-07-30,6,8.2,8.2,8.2
2025-07-30,7,7.9,7.9,7.9
2025-07-30,8,9.2,9.2,9.2
2025-07-30,9,11.2,11.2,11.2
2025-07-30,10,12.8,12.8,12.8
2025-07-30,11,14.2,14.2,14.2
2025-07-30,12,15.6,15.6,15.6
2025-07-30,13,16.3,16.3,16.3
2025-07-30,14,16.7,16.7,16.7
2025-07-30,15,16.7,16.7,16.7
2025-07-30,16,16.2,16.2,16.2
2025-07-30,17,15.0,15.0,15.0
2025-07-30,18,13.3,13.3,13.3
2025-07-30,19,11.8,11.8,11.8
2025-07-30,20,10.8,10.8,10.8
2025-07-30,21,10.1,10.1,10.1
2025-07-30,22,9.8,9.8,9.8
2025-07-30,23,9.6,9.6,9.6
2025-07-31,0,9.3,9.3,9.3
2025-07-31,1,8.9,8.9,8.9
2025-07-31,2,8.5,8.5,8.5
2025-07-31,3,8.1,8.1,8.1
2025-07-31,4,7.7,7.7,7.7
2025-07-31,5,7.5,7.5,7.5
2025-07-31,6,7.4,7.4,7.4
2025-07-31,7,7.3,7.3,7.3
2025-07-31,8,8.6,8.6,8.6
2025-07-31,9,11.0,11.0,11.0
2025-07-31,10,13.2,13.2,13.2
2025-07-31,11,15.2,15.2,15.2
2025-07-31,12,16.9,16.9,16.9
2025-07-31,13,18.4,18.4,18.4
2025-07-31,14,19.5,19.5,19.5
2025-07-31,15,20.1,20.1,20.1
2025-07-31,16,20.1,20.1,20.1
2025-07-31,17,19.3,19.3,19.3
2025-07-31,18,17.5,17.5,17.5
2025-07-31,19,15.2,15.2,15.2
2025-07-31,20,13.7,13.7,13.7
2025-07-31,21,12.9,12.9,12.9
2025-07-31,22,12.5,12.5,12.5
2025-07-31,23,12.1,12.1,12.1
2025-08-01,0,11.6,11.6,11.6
2025-08-01,1,11.3,11.3,11.3
2025-08-01,2,11.0,11.0,11.0
2025-08-01,3,10.5,10.5,10.5
2025-08-01,4,10.1,10.1,10.1
2025-08-01,5,9.8,9.8,9.8
2025-08-01,6,9.7,9.7,9.7
2025-08-01,7,9.5,9.5,9.5
2025-08-01,8,10.1,10.1,10.1
2025-08-01,9,12.5,12.5,12.5
2025-08-01,10,14.9,14.9,14.9
2025-08-01,11,17.4,17.4,17.4
2025-08-01,12,19.9,19.9,19.9
2025-08-01,13,21.9,21.9,21.9
2025-08-01,14,23.2,23.2,23.2
2025-08-01,15,23.8,23.8,23.8
2025-08-01,16,24.0,24.0,24.0
2025-08-01,17,23.5,23.5,23.5
2025-08-01,18,21.8,21.8,21.8
2025-08-01,19,19.8,19.8,19.8
2025-08-01,20,18.4,18.4,18.4
2025-08-01,21,17.6,17.6,17.6
2025-08-01,22,17.2,17.2,17.2
2025-08-01,23,16.5,16.5,16.5
2025-08-02,0,15.3,15.3,15.3
2025-08-02,1,14.2,14.2,14.2
2025-08-02,2,13.2,13.2,13.2
2025-08-02,3,12.5,12.5,12.5
2025-08-02,4,11.9,11.9,11.9
2025-08-02,5,11.6,11.6,11.6
2025-08-02,6,11.2,11.2,11.2
2025-08-02,7,10.8,10.8,10.8
2025-08-02,8,12.1,12.1,12.1
2025-08-02,9,15.1,15.1,15.1
2025-08-02,10,19.3,19.3,19.3
2025-08-02,11,22.5,22.5,22.5
2025-08-02,12,24.9,24.9,24.9
2025-08-02,13,26.1,26.1,26.1
2025-08-02,14,26.6,26.6,26.6
2025-08-02,15,26.6,26.6,26.6
2025-08-02,16,26.2,26.2,26.2
2025-08-02,17,25.2,25.2,25.2
2025-08-02,18,23.9,23.9,23.9
2025-08-02,19,22.0,22.0,22.0
2025-08-02,20,20.1,20.1,20.1
2025-08-02,21,19.0,19.0,19.0
2025-08-02,22,18.6,18.6,18.6
2025-08-02,23,17.8,17.8,17.8
2025-08-03,0,16.6,16.6,16.6
2025-08-03,1,15.4,15.4,15.4
2025-08-03,2,14.4,14.4,14.4
2025-08-03,3,13.7,13.7,13.7
2025-08-03,4,12.9,12.9,12.9
2025-08-03,5,12.4,12.4,12.4
2025-08-03,6,13.2,13.2,13.2
2025-08-03,7,13.7,13.7,13.7
2025-08-03,8,15.1,15.1,15.1
2025-08-03,9,18.1,18.1,18.1
2025-08-03,10,20.6,20.6,20.6
2025-08-03,11,23.0,23.0,23.0
2025-08-03,12,24.3,24.3,24.3
2025-08-03,13,25.2,25.2,25.2
2025-08-03,14,25.3,25.3,25.3
2025-08-03,15,25.5,25.5,25.5
2025-08-03,16,25.6,25.6,25.6
2025-08-03,17,24.7,24.7,24.7
2025-08-03,18,23.4,23.4,23.4
2025-08-03,19,21.8,21.8,21.8
2025-08-03,20,19.9,19.9,19.9
2025-08-03,21,18.8,18.8,18.8
2025-08-03,22,19.2,19.2,19.2
2025-08-03,23,18.7,18.7,18.7
2025-08-04,0,17.5,17.5,17.5
2025-08-04,1,16.5,16.5,16.5
2025-08-04,2,15.7,15.7,15.7
2025-08-04,3,15.0,15.0,15.0
2025-08-04,4,14.3,14.3,14.3
2025-08-04,5,13.8,13.8,13.8
2025-08-04,6,13.1,13.1,13.1
2025-08-04,7,12.7,12.7,12.7
2025-08-04,8,13.7,13.7,13.7
2025-08-04,9,16.5,16.5,16.5
2025-08-04,10,18.1,18.1,18.1
2025-08-04,11,20.8,20.8,20.8
2025-08-04,12,22.3,22.3,22.3
2025-08-04,13,22.6,22.6,22.6
2025-08-04,14,22.7,22.7,22.7
2025-08-04,15,22.7,22.7,22.7
2025-08-04,16,22.8,22.8,22.8
2025-08-04,17,21.5,21.5,21.5
2025-08-04,18,18.0,18.0,18.0
2025-08-04,19,16.9,16.9,16.9
2025-08-04,20,16.7,16.7,16.7
2025-08-04,21,16.3,16.3,16.3
2025-08-04,22,15.6,15.6,15.6
2025-08-04,23,15.4,15.4,15.4
2025-08-05,0,15.3,15.3,15.3
2025-08-05,1,15.2,15.2,15.2
2025-08-05,2,14.9,14.9,14.9
2025-08-05,3,14.7,14.7,14.7
2025-08-05,4,14.4,14.4,14.4
2025-08-05,5,14.1,14.1,14.1
2025-08-05,6,13.9,13.9,13.9
2025-08-05,7,13.7,13.7,13.7
2025-08-05,8,14.3,14.3,14.3
2025-08-05,9,15.6,15.6,15.6
2025-08-05,10,16.2,16.2,16.2
2025-08-05,11,16.8,16.8,16.8
2025-08-05,12,17.4,17.4,17.4
2025-08-05,13,18.4,18.4,18.4
2025-08-05,14,19.8,19.8,19.8
2025-08-05,15,20.3,20.3,20.3
2025-08-05,16,20.2,20.2,20.2
2025-08-05,17,18.4,18.4,18.4
2025-08-05,18,16.9,16.9,16.9
2025-08-05,19,16.4,16.4,16.4
2025-08-05,20,16.3,16.3,16.3
2025-08-05,21,15.9,15.9,15.9
2025-08-05,22,15.3,15.3,15.3
2025-08-05,23,15.2,15.2,15.2
2025-08-06,0,15.1,15.1,15.1
2025-08-06,1,14.8,14.8,14.8
2025-08-06,2,14.7,14.7,14.7
2025-08-06,3,14.4,14.4,14.4
2025-08-06,4,14.2,14.2,14.2
2025-08-06,5,13.9,13.9,13.9
2025-08-06,6,13.9,13.9,13.9
2025-08-06,7,14.0,14.0,14.0
2025-08-06,8,14.6,14.6,14.6
2025-08-06,9,15.4,15.4,15.4
2025-08-06,10,16.8,16.8,16.8
2025-08-06,11,18.0,18.0,18.0
2025-08-06,12,18.8,18.8,18.8
2025-08-06,13,19.2,19.2,19.2
2025-08-06,14,18.7,18.7,18.7
2025-08-06,15,18.5,18.5,18.5
2025-08-06,16,17.8,17.8,17.8
2025-08-06,17,16.8,16.8,16.8
2025-08-06,18,15.5,15.5,15.5
2025-08-06,19,15.1,15.1,15.1
2025-08-06,20,14.9,14.9,14.9
2025-08-06,21,14.5,14.5,14.5
2025-08-06,22,14.5,14.5,14.5
2025-08-06,23,14.5,14.5,14.5
2025-08-07,0,14.3,14.3,14.3
2025-08-07,1,14.1,14.1,14.1
2025-08-07,2,13.9,13.9,13.9
2025-08-07,3,13.7,13.7,13.7
2025-08-07,4,13.3,13.3,13.3
2025-08-07,5,13.1,13.1,13.1
2025-08-07,6,13.0,13.0,13.0
2025-08-07,7,13.0,13.0,13.0
2025-08-07,8,13.7,13.7,13.7
2025-08-07,9,14.8,14.8,14.8
2025-08-07,10,17.5,17.5,17.5
2025-08-07,11,20.0,20.0,20.0
2025-08-07,12,22.3,22.3,22.3
2025-08-07,13,23.8,23.8,23.8
2025-08-07,14,25.1,25.1,25.1
2025-08-07,15,25.6,25.6,25.6
2025-08-07,16,25.1,25.1,25.1
2025-08-07,17,24.3,24.3,24.3
2025-08-07,18,22.2,22.2,22.2
2025-08-07,19,19.4,19.4,19.4
2025-08-07,20,17.5,17.5,17.5
2025-08-07,21,16.7,16.7,16.7
2025-08-07,22,16.7,16.7,16.7
2025-08-07,23,16.4,16.4,16.4
2025-08-08,0,16.3,16.3,16.3
2025-08-08,1,16.1,16.1,16.1
2025-08-08,2,15.5,15.5,15.5
2025-08-08,3,14.6,14.6,14.6
2025-08-08,4,13.9,13.9,13.9
2025-08-08,5,13.3,13.3,13.3
2025-08-08,6,13.0,13.0,13.0
2025-08-08,7,12.7,12.7,12.7
2025-08-08,8,14.5,14.5,14.5
2025-08-08,9,18.5,18.5,18.5
2025-08-08,10,20.4,20.4,20.4
2025-08-08,11,23.6,23.6,23.6
2025-08-08,12,25.6,25.6,25.6
2025-08-08,13,25.5,25.5,25.5
2025-08-08,14,25.2,25.2,25.2
2025-08-08,15,22.8,22.8,22.8
2025-08-08,16,21.4,21.4,21.4
2025-08-08,17,19.9,19.9,19.9
2025-08-08,18,18.1,18.1,18.1
2025-08-08,19,18.4,18.4,18.4
2025-08-08,20,17.9,17.9,17.9
2025-08-08,21,17.3,17.3,17.3
2025-08-08,22,17.0,17.0,17.0
2025-08-08,23,15.9,15.9,15.9
2025-08-09,0,14.8,14.8,14.8
2025-08-09,1,14.4,14.4,14.4
2025-08-09,2,14.1,14.1,14.1
2025-08-09,3,13.7,13.7,13.7
2025-08-09,4,13.1,13.1,13.1
2025-08-09,5,12.7,12.7,12.7
2025-08-09,6,12.5,12.5,12.5
2025-08-09,7,12.4,12.4,12.4
2025-08-09,8,12.6,12.6,12.6
2025-08-09,9,13.4,13.4,13.4
2025-08-09,10,14.6,14.6,14.6
2025-08-09,11,16.1,16.1,16.1
2025-08-09,12,18.1,18.1,18.1
2025-08-09,13,18.6,18.6,18.6
2025-08-09,14,18.4,18.4,18.4
2025-08-09,15,18.1,18.1,18.1
2025-08-09,16,17.5,17.5,17.5
2025-08-09,17,17.0,17.0,17.0
2025-08-09,18,16.0,16.0,16.0
2025-08-09,19,14.4,14.4,14.4
2025-08-09,20,11.9,11.9,11.9
2025-08-09,21,11.3,11.3,11.3
2025-08-09,22,10.8,10.8,10.8
2025-08-09,23,10.5,10.5,10.5
2025-08-10,0,10.1,10.1,10.1
2025-08-10,1,9.7,9.7,9.7
2025-08-10,2,9.4,9.4,9.4
2025-08-10,3,9.3,9.3,9.3
2025-08-10,4,9.1,9.1,9.1
2025-08-10,5,9.2,9.2,9.2
2025-08-10,6,9.3,9.3,9.3
2025-08-10,7,9.4,9.4,9.4
2025-08-10,8,10.1,10.1,10.1
2025-08-10,9,11.7,11.7,11.7
2025-08-10,10,12.2,12.2,12.2
2025-08-10,11,13.3,13.3,13.3
2025-08-10,12,14.1,14.1,14.1
2025-08-10,13,14.7,14.7,14.7
2025-08-10,14,15.1,15.1,15.1
2025-08-10,15,15.4,15.4,15.4
2025-08-10,16,14.7,14.7,14.7
2025-08-10,17,13.8,13.8,13.8
2025-08-10,18,12.6,12.6,12.6
2025-08-10,19,11.9,11.9,11.9
2025-08-10,20,11.4,11.4,11.4
2025-08-10,21,11.1,11.1,11.1
2025-08-10,22,10.3,10.3,10.3
2025-08-10,23,10.1,10.1,10.1
2025-08-11,0,9.8,9.8,9.8
2025-08-11,1,9.3,9.3,9.3
2025-08-11,2,8.8,8.8,8.8
2025-08-11,3,8.3,8.3,8.3
2025-08-11,4,7.7,7.7,7.7
2025-08-11,5,7.6,7.6,7.6
2025-08-11,6,7.7,7.7,7.7
2025-08-11,7,7.6,7.6,7.6
2025-08-11,8,7.9,7.9,7.9
2025-08-11,9,9.4,9.4,9.4
2025-08-11,10,12.4,12.4,12.4
2025-08-11,11,14.5,14.5,14.5
2025-08-11,12,16.2,16.2,16.2
2025-08-11,13,17.1,17.1,17.1
2025-08-11,14,17.5,17.5,17.5
2025-08-11,15,17.5,17.5,17.5
2025-08-11,16,16.7,16.7,16.7
2025-08-11,17,14.5,14.5,14.5
2025-08-11,18,12.9,12.9,12.9
2025-08-11,19,11.8,11.8,11.8
2025-08-11,20,11.2,11.2,11.2
2025-08-11,21,10.9,10.9,10.9
2025-08-11,22,10.6,10.6,10.6
2025-08-11,23,10.8,10.8,10.8
2025-08-12,0,10.9,10.9,10.9
2025-08-12,1,10.9,10.9,10.9
2025-08-12,2,10.9,10.9,10.9
2025-08-12,3,10.6,10.6,10.6
2025-08-12,4,10.5,10.5,10.5
2025-08-12,5,10.5,10.5,10.5
2025-08-12,6,10.6,10.6,10.6
2025-08-12,7,10.8,10.8,10.8
2025-08-12,8,11.2,11.2,11.2
2025-08-12,9,12.2,12.2,12.2
2025-08-12,10,13.1,13.1,13.1
2025-08-12,11,14.8,14.8,14.8
2025-08-12,12,16.2,16.2,16.2
2025-08-12,13,17.6,17.6,17.6
2025-08-12,14,18.7,18.7,18.7
2025-08-12,15,19.3,19.3,19.3
2025-08-12,16,19.7,19.7,19.7
2025-08-12,17,19.0,19.0,19.0
2025-08-12,18,15.8,15.8,15.8
2025-08-12,19,13.5,13.5,13.5
2025-08-12,20,12.9,12.9,12.9
2025-08-12,21,12.3,12.3,12.3
2025-08-12,22,12.1,12.1,12.1
2025-08-12,23,11.8,11.8,11.8
2025-08-13,0,11.2,11.2,11.2
2025-08-13,1,10.7,10.7,10.7
2025-08-13,2,10.5,10.5,10.5
2025-08-13,3,10.5,10.5,10.5
2025-08-13,4,10.3,10.3,10.3
2025-08-13,5,10.1,10.1,10.1
2025-08-13,6,10.0,10.0,10.0
2025-08-13,7,10.0,10.0,10.0
2025-08-13,8,10.5,10.5,10.5
2025-08-13,9,13.2,13.2,13.2
2025-08-13,10,17.2,17.2,17.2
2025-08-13,11,20.7,20.7,20.7
2025-08-13,12,23.1,23.1,23.1
2025-08-13,13,24.3,24.3,24.3
2025-08-13,14,24.9,24.9,24.9
2025-08-13,15,25.2,25.2,25.2
2025-08-13,16,25.0,25.0,25.0
2025-08-13,17,24.0,24.0,24.0
2025-08-13,18,22.3,22.3,22.3
2025-08-13,19,21.1,21.1,21.1
2025-08-13,20,19.9,19.9,19.9
2025-08-13,21,18.5,18.5,18.5
2025-08-13,22,17.3,17.3,17.3
2025-08-13,23,16.4,16.4,16.4
2025-08-14,0,15.7,15.7,15.7
2025-08-14,1,15.0,15.0,15.0
2025-08-14,2,14.1,14.1,14.1
2025-08-14,3,13.1,13.1,13.1
2025-08-14,4,12.3,12.3,12.3
2025-08-14,5,12.0,12.0,12.0
2025-08-14,6,12.3,12.3,12.3
2025-08-14,7,12.3,12.3,12.3
2025-08-14,8,13.6,13.6,13.6
2025-08-14,9,15.0,15.0,15.0
2025-08-14,10,15.8,15.8,15.8
2025-08-14,11,17.3,17.3,17.3
2025-08-14,12,18.6,18.6,18.6
2025-08-14,13,19.4,19.4,19.4
2025-08-14,14,19.5,19.5,19.5
2025-08-14,15,18.8,18.8,18.8
2025-08-14,16,17.4,17.4,17.4
2025-08-14,17,15.9,15.9,15.9
2025-08-14,18,14.7,14.7,14.7
2025-08-14,19,13.8,13.8,13.8
2025-08-14,20,13.2,13.2,13.2
2025-08-14,21,12.9,12.9,12.9
2025-08-14,22,13.3,13.3,13.3
2025-08-14,23,13.0,13.0,13.0
2025-08-15,0,12.7,12.7,12.7
2025-08-15,1,12.6,12.6,12.6
2025-08-15,2,12.6,12.6,12.6
2025-08-15,3,12.4,12.4,12.4
2025-08-15,4,12.0,12.0,12.0
2025-08-15,5,11.5,11.5,11.5
2025-08-15,6,11.2,11.2,11.2
2025-08-15,7,11.0,11.0,11.0
2025-08-15,8,12.2,12.2,12.2
2025-08-15,9,14.2,14.2,14.2
2025-08-15,10,16.8,16.8,16.8
2025-08-15,11,18.3,18.3,18.3
2025-08-15,12,19.7,19.7,19.7
2025-08-15,13,20.7,20.7,20.7
2025-08-15,14,21.0,21.0,21.0
2025-08-15,15,20.6,20.6,20.6
2025-08-15,16,19.3,19.3,19.3
2025-08-15,17,17.3,17.3,17.3
2025-08-15,18,15.8,15.8,15.8
2025-08-15,19,14.7,14.7,14.7
2025-08-15,20,14.5,14.5,14.5
2025-08-15,21,14.2,14.2,14.2
2025-08-15,22,14.4,14.4,14.4
2025-08-15,23,14.2,14.2,14.2
2025-08-16,0,14.1,14.1,14.1
2025-08-16,1,14.1,14.1,14.1
2025-08-16,2,14.2,14.2,14.2
2025-08-16,3,14.1,14.1,14.1
2025-08-16,4,13.9,13.9,13.9
2025-08-16,5,13.7,13.7,13.7
2025-08-16,6,13.3,13.3,13.3
2025-08-16,7,13.1,13.1,13.1
2025-08-16,8,13.6,13.6,13.6
2025-08-16,9,14.8,14.8,14.8
2025-08-16,10,16.7,16.7,16.7
2025-08-16,11,18.3,18.3,18.3
2025-08-16,12,20.4,20.4,20.4
2025-08-16,13,22.1,22.1,22.1
2025-08-16,14,23.7,23.7,23.7
2025-08-16,15,23.5,23.5,23.5
2025-08-16,16,20.7,20.7,20.7
2025-08-16,17,19.0,19.0,19.0
2025-08-16,18,17.3,17.3,17.3
2025-08-16,19,16.2,16.2,16.2
2025-08-16,20,15.9,15.9,15.9
2025-08-16,21,15.5,15.5,15.5
2025-08-16,22,15.9,15.9,15.9
2025-08-16,23,15.8,15.8,15.8
2025-08-17,0,15.6,15.6,15.6
2025-08-17,1,15.4,15.4,15.4
2025-08-17,2,15.1,15.1,15.1
2025-08-17,3,14.7,14.7,14.7
2025-08-17,4,14.1,14.1,14.1
2025-08-17,5,13.9,13.9,13.9
2025-08-17,6,14.0,14.0,14.0
2025-08-17,7,14.1,14.1,14.1
2025-08-17,8,14.6,14.6,14.6
2025-08-17,9,15.9,15.9,15.9
2025-08-17,10,18.2,18.2,18.2
2025-08-17,11,20.2,20.2,20.2
2025-08-17,12,22.2,22.2,22.2
2025-08-17,13,23.8,23.8,23.8
2025-08-17,14,25.0,25.0,25.0
2025-08-17,15,25.5,25.5,25.5
2025-08-17,16,25.8,25.8,25.8
2025-08-17,17,23.5,23.5,23.5
2025-08-17,18,19.8,19.8,19.8
2025-08-17,19,18.5,18.5,18.5
2025-08-17,20,17.9,17.9,17.9
2025-08-17,21,17.5,17.5,17.5
2025-08-17,22,16.5,16.5,16.5
2025-08-17,23,16.0,16.0,16.0
2025-08-18,0,15.6,15.6,15.6
2025-08-18,1,15.3,15.3,15.3
2025-08-18,2,14.7,14.7,14.7
2025-08-18,3,13.9,13.9,13.9
2025-08-18,4,13.5,13.5,13.5
2025-08-18,5,13.2,13.2,13.2
2025-08-18,6,13.0,13.0,13.0
2025-08-18,7,12.8,12.8,12.8
2025-08-18,8,13.0,13.0,13.0
2025-08-18,9,15.1,15.1,15.1
2025-08-18,10,18.1,18.1,18.1
2025-08-18,11,20.4,20.4,20.4
2025-08-18,12,22.1,22.1,22.1
2025-08-18,13,23.1,23.1,23.1
2025-08-18,14,23.7,23.7,23.7
2025-08-18,15,23.9,23.9,23.9
2025-08-18,16,22.6,22.6,22.6
2025-08-18,17,19.5,19.5,19.5
2025-08-18,18,17.6,17.6,17.6
2025-08-18,19,16.5,16.5,16.5
2025-08-18,20,15.8,15.8,15.8
2025-08-18,21,15.3,15.3,15.3
2025-08-18,22,15.2,15.2,15.2
2025-08-18,23,15.0,15.0,15.0
2025-08-19,0,14.6,14.6,14.6
2025-08-19,1,14.1,14.1,14.1
2025-08-19,2,13.6,13.6,13.6
2025-08-19,3,13.3,13.3,13.3
2025-08-19,4,13.1,13.1,13.1
2025-08-19,5,13.0,13.0,13.0
2025-08-19,6,12.8,12.8,12.8
2025-08-19,7,12.9,12.9,12.9
2025-08-19,8,13.7,13.7,13.7
2025-08-19,9,15.3,15.3,15.3
2025-08-19,10,17.6,17.6,17.6
2025-08-19,11,20.3,20.3,20.3
2025-08-19,12,22.7,22.7,22.7
2025-08-19,13,24.4,24.4,24.4
2025-08-19,14,26.0,26.0,26.0
2025-08-19,15,27.0,27.0,27.0
2025-08-19,16,27.1,27.1,27.1
2025-08-19,17,26.2,26.2,26.2
2025-08-19,18,24.0,24.0,24.0
2025-08-19,19,22.3,22.3,22.3
2025-08-19,20,21.1,21.1,21.1
2025-08-19,21,20.0,20.0,20.0
2025-08-19,22,19.3,19.3,19.3
2025-08-19,23,18.9,18.9,18.9
2025-08-20,0,18.2,18.2,18.2
2025-08-20,1,17.7,17.7,17.7
2025-08-20,2,17.3,17.3,17.3
2025-08-20,3,17.2,17.2,17.2
2025-08-20,4,17.1,17.1,17.1
2025-08-20,5,17.0,17.0,17.0
2025-08-20,6,16.9,16.9,16.9
2025-08-20,7,16.8,16.8,16.8
2025-08-20,8,18.7,18.7,18.7
2025-08-20,9,22.0,22.0,22.0
2025-08-20,10,24.6,24.6,24.6
2025-08-20,11,27.1,27.1,27.1
2025-08-20,12,28.0,28.0,28.0
2025-08-20,13,29.1,29.1,29.1
2025-08-20,14,28.6,28.6,28.6
2025-08-20,15,28.5,28.5,28.5
2025-08-20,16,29.1,29.1,29.1
2025-08-20,17,28.5,28.5,28.5
2025-08-20,18,26.8,26.8,26.8
2025-08-20,19,25.2,25.2,25.2
2025-08-20,20,24.3,24.3,24.3
2025-08-20,21,23.4,23.4,23.4
2025-08-20,22,22.4,22.4,22.4
2025-08-20,23,22.1,22.1,22.1
2025-08-21,0,21.6,21.6,21.6
2025-08-21,1,21.1,21.1,21.1
2025-08-21,2,20.7,20.7,20.7
2025-08-21,3,20.1,20.1,20.1
2025-08-21,4,19.5,19.5,19.5
2025-08-21,5,19.0,19.0,19.0
2025-08-21,6,18.7,18.7,18.7
2025-08-21,7,18.7,18.7,18.7
2025-08-21,8,20.6,20.6,20.6
2025-08-21,9,23.5,23.5,23.5
2025-08-21,10,26.1,26.1,26.1
2025-08-21,11,27.5,27.5,27.5
2025-08-21,12,28.7,28.7,28.7
2025-08-21,13,29.2,29.2,29.2
2025-08-21,14,29.8,29.8,29.8
2025-08-21,15,30.1,30.1,30.1
2025-08-21,16,28.8,28.8,28.8
2025-08-21,17,28.1,28.1,28.1
2025-08-21,18,24.1,24.1,24.1
2025-08-21,19,22.4,22.4,22.4
2025-08-21,20,21.8,21.8,21.8
2025-08-21,21,21.3,21.3,21.3
2025-08-21,22,20.1,20.1,20.1
2025-08-21,23,19.7,19.7,19.7
2025-08-22,0,19.5,19.5,19.5
2025-08-22,1,19.2,19.2,19.2
2025-08-22,2,18.9,18.9,18.9
2025-08-22,3,18.6,18.6,18.6
2025-08-22,4,18.5,18.5,18.5
2025-08-22,5,18.4,18.4,18.4
2025-08-22,6,18.0,18.0,18.0
2025-08-22,7,17.8,17.8,17.8
2025-08-22,8,19.4,19.4,19.4
2025-08-22,9,22.6,22.6,22.6
2025-08-22,10,26.1,26.1,26.1
2025-08-22,11,28.8,28.8,28.8
2025-08-22,12,30.2,30.2,30.2
2025-08-22,13,31.0,31.0,31.0
2025-08-22,14,31.3,31.3,31.3
2025-08-22,15,31.4,31.4,31.4
2025-08-22,16,31.1,31.1,31.1
2025-08-22,17,30.4,30.4,30.4
2025-08-22,18,29.0,29.0,29.0
2025-08-22,19,27.0,27.0,27.0
2025-08-22,20,25.9,25.9,25.9
2025-08-22,21,25.5,25.5,25.5
2025-08-22,22,25.2,25.2,25.2
2025-08-22,23,24.2,24.2,24.2
2025-08-23,0,23.2,23.2,23.2
2025-08-23,1,22.5,22.5,22.5
2025-08-23,2,21.8,21.8,21.8
2025-08-23,3,21.1,21.1,21.1
2025-08-23,4,20.7,20.7,20.7
2025-08-23,5,20.0,20.0,20.0
2025-08-23,6,19.5,19.5,19.5
2025-08-23,7,19.5,19.5,19.5
2025-08-23,8,21.1,21.1,21.1
2025-08-23,9,23.5,23.5,23.5
2025-08-23,10,26.4,26.4,26.4
2025-08-23,11,28.3,28.3,28.3
2025-08-23,12,29.9,29.9,29.9
2025-08-23,13,30.8,30.8,30.8
2025-08-23,14,31.4,31.4,31.4
2025-08-23,15,31.5,31.5,31.5
2025-08-23,16,31.1,31.1,31.1
2025-08-23,17,30.3,30.3,30.3
2025-08-23,18,29.0,29.0,29.0
2025-08-23,19,27.7,27.7,27.7
2025-08-23,20,26.1,26.1,26.1
2025-08-23,21,24.8,24.8,24.8
2025-08-23,22,23.9,23.9,23.9
2025-08-23,23,22.7,22.7,22.7
2025-08-24,0,21.9,21.9,21.9
2025-08-24,1,21.7,21.7,21.7
2025-08-24,2,21.0,21.0,21.0
2025-08-24,3,18.3,18.3,18.3
2025-08-24,4,16.1,16.1,16.1
2025-08-24,5,15.7,15.7,15.7
2025-08-24,6,15.8,15.8,15.8
2025-08-24,7,15.8,15.8,15.8
2025-08-24,8,16.4,16.4,16.4
2025-08-24,9,17.4,17.4,17.4
2025-08-24,10,19.9,19.9,19.9
2025-08-24,11,21.4,21.4,21.4
2025-08-24,12,22.0,22.0,22.0
2025-08-24,13,21.7,21.7,21.7
2025-08-24,14,21.8,21.8,21.8
2025-08-24,15,21.3,21.3,21.3
2025-08-24,16,20.3,20.3,20.3
2025-08-24,17,18.7,18.7,18.7
2025-08-24,18,17.0,17.0,17.0
2025-08-24,19,16.5,16.5,16.5
2025-08-24,20,16.0,16.0,16.0
2025-08-24,21,15.7,15.7,15.7
2025-08-24,22,15.4,15.4,15.4
2025-08-24,23,15.3,15.3,15.3
2025-08-25,0,15.2,15.2,15.2
2025-08-25,1,15.1,15.1,15.1
2025-08-25,2,14.9,14.9,14.9
2025-08-25,3,14.9,14.9,14.9
2025-08-25,4,15.1,15.1,15.1
2025-08-25,5,15.2,15.2,15.2
2025-08-25,6,15.3,15.3,15.3
2025-08-25,7,15.5,15.5,15.5
2025-08-25,8,16.0,16.0,16.0
2025-08-25,9,17.6,17.6,17.6
2025-08-25,10,20.4,20.4,20.4
2025-08-25,11,22.9,22.9,22.9
2025-08-25,12,25.5,25.5,25.5
2025-08-25,13,27.8,27.8,27.8
2025-08-25,14,28.6,28.6,28.6
2025-08-25,15,26.7,26.7,26.7
2025-08-25,16,22.8,22.8,22.8
2025-08-25,17,20.4,20.4,20.4
2025-08-25,18,18.1,18.1,18.1
2025-08-25,19,16.0,16.0,16.0
2025-08-25,20,15.7,15.7,15.7
2025-08-25,21,15.2,15.2,15.2
2025-08-25,22,14.7,14.7,14.7
2025-08-25,23,14.6,14.6,14.6
2025-08-26,0,14.6,14.6,14.6
2025-08-26,1,14.8,14.8,14.8
2025-08-26,2,14.9,14.9,14.9
2025-08-26,3,14.8,14.8,14.8
2025-08-26,4,14.6,14.6,14.6
2025-08-26,5,14.2,14.2,14.2
2025-08-26,6,13.9,13.9,13.9
2025-08-26,7,14.1,14.1,14.1
2025-08-26,8,15.5,15.5,15.5
2025-08-26,9,17.5,17.5,17.5
2025-08-26,10,18.5,18.5,18.5
2025-08-26,11,21.1,21.1,21.1
2025-08-26,12,22.8,22.8,22.8
2025-08-26,13,23.3,23.3,23.3
2025-08-26,14,20.3,20.3,20.3
2025-08-26,15,20.3,20.3,20.3
2025-08-26,16,20.0,20.0,20.0
2025-08-26,17,18.3,18.3,18.3
2025-08-26,18,17.6,17.6,17.6
2025-08-26,19,16.7,16.7,16.7
2025-08-26,20,16.5,16.5,16.5
2025-08-26,21,16.2,16.2,16.2
2025-08-26,22,15.5,15.5,15.5
2025-08-26,23,15.5,15.5,15.5
2025-08-27,0,15.2,15.2,15.2
2025-08-27,1,14.8,14.8,14.8
2025-08-27,2,14.6,14.6,14.6
2025-08-27,3,14.4,14.4,14.4
2025-08-27,4,14.5,14.5,14.5
2025-08-27,5,14.7,14.7,14.7
2025-08-27,6,14.9,14.9,14.9
2025-08-27,7,15.2,15.2,15.2
2025-08-27,8,15.8,15.8,15.8
2025-08-27,9,17.1,17.1,17.1
2025-08-27,10,19.2,19.2,19.2
2025-08-27,11,21.0,21.0,21.0
2025-08-27,12,19.5,19.5,19.5
2025-08-27,13,21.2,21.2,21.2
2025-08-27,14,21.8,21.8,21.8
2025-08-27,15,20.3,20.3,20.3
2025-08-27,16,21.5,21.5,21.5
2025-08-27,17,19.8,19.8,19.8
2025-08-27,18,18.6,18.6,18.6
2025-08-27,19,17.0,17.0,17.0
2025-08-27,20,16.2,16.2,16.2
2025-08-27,21,15.6,15.6,15.6
2025-08-27,22,15.4,15.4,15.4
2025-08-27,23,15.7,15.7,15.7
2025-08-28,0,15.7,15.7,15.7
2025-08-28,1,15.6,15.6,15.6
2025-08-28,2,15.4,15.4,15.4
2025-08-28,3,15.3,15.3,15.3
2025-08-28,4,15.4,15.4,15.4
2025-08-28,5,15.5,15.5,15.5
2025-08-28,6,15.5,15.5,15.5
2025-08-28,7,15.6,15.6,15.6
2025-08-28,8,16.0,16.0,16.0
2025-08-28,9,16.8,16.8,16.8
2025-08-28,10,18.8,18.8,18.8
2025-08-28,11,20.9,20.9,20.9
2025-08-28,12,22.2,22.2,22.2
2025-08-28,13,23.3,23.3,23.3
2025-08-28,14,24.1,24.1,24.1
2025-08-28,15,24.3,24.3,24.3
2025-08-28,16,20.4,20.4,20.4
2025-08-28,17,18.6,18.6,18.6
2025-08-28,18,17.0,17.0,17.0
2025-08-28,19,16.6,16.6,16.6
2025-08-28,20,16.3,16.3,16.3
2025-08-28,21,16.1,16.1,16.1
2025-08-28,22,16.1,16.1,16.1
2025-08-28,23,16.0,16.0,16.0
2025-08-29,0,15.9,15.9,15.9
2025-08-29,1,15.5,15.5,15.5
2025-08-29,2,14.9,14.9,14.9
2025-08-29,3,14.4,14.4,14.4
2025-08-29,4,14.2,14.2,14.2
2025-08-29,5,14.3,14.3,14.3
2025-08-29,6,14.7,14.7,14.7
2025-08-29,7,15.1,15.1,15.1
2025-08-29,8,15.8,15.8,15.8
2025-08-29,9,16.9,16.9,16.9
2025-08-29,10,18.6,18.6,18.6
2025-08-29,11,19.6,19.6,19.6
2025-08-29,12,20.6,20.6,20.6
2025-08-29,13,21.6,21.6,21.6
2025-08-29,14,21.5,21.5,21.5
2025-08-29,15,17.3,17.3,17.3
2025-08-29,16,17.9,17.9,17.9
2025-08-29,17,18.0,18.0,18.0
2025-08-29,18,17.6,17.6,17.6
2025-08-29,19,17.0,17.0,17.0
2025-08-29,20,16.4,16.4,16.4
2025-08-29,21,16.1,16.1,16.1
2025-08-29,22,16.1,16.1,16.1
2025-08-29,23,16.0,16.0,16.0
2025-08-30,0,15.8,15.8,15.8
2025-08-30,1,15.2,15.2,15.2
2025-08-30,2,15.1,15.1,15.1
2025-08-30,3,15.4,15.4,15.4
2025-08-30,4,15.4,15.4,15.4
2025-08-30,5,15.2,15.2,15.2
2025-08-30,6,15.1,15.1,15.1
2025-08-30,7,15.0,15.0,15.0
2025-08-30,8,15.4,15.4,15.4
2025-08-30,9,16.6,16.6,16.6
2025-08-30,10,19.0,19.0,19.0
2025-08-30,11,20.5,20.5,20.5
2025-08-30,12,21.7,21.7,21.7
2025-08-30,13,22.4,22.4,22.4
2025-08-30,14,22.8,22.8,22.8
2025-08-30,15,22.7,22.7,22.7
2025-08-30,16,21.6,21.6,21.6
2025-08-30,17,19.7,19.7,19.7
2025-08-30,18,18.1,18.1,18.1
2025-08-30,19,17.1,17.1,17.1
2025-08-30,20,16.4,16.4,16.4
2025-08-30,21,15.8,15.8,15.8
2025-08-30,22,15.4,15.4,15.4
2025-08-30,23,15.0,15.0,15.0
2025-08-31,0,14.9,14.9,14.9
2025-08-31,1,14.7,14.7,14.7
2025-08-31,2,14.4,14.4,14.4
2025-08-31,3,14.1,14.1,14.1
2025-08-31,4,13.9,13.9,13.9
2025-08-31,5,13.7,13.7,13.7
2025-08-31,6,13.5,13.5,13.5
2025-08-31,7,13.6,13.6,13.6
2025-08-31,8,15.0,15.0,15.0
2025-08-31,9,16.7,16.7,16.7
2025-08-31,10,18.8,18.8,18.8
2025-08-31,11,20.5,20.5,20.5
2025-08-31,12,21.9,21.9,21.9
2025-08-31,13,23.2,23.2,23.2
2025-08-31,14,24.5,24.5,24.5
2025-08-31,15,23.2,23.2,23.2
2025-08-31,16,20.8,20.8,20.8
2025-08-31,17,20.5,20.5,20.5
2025-08-31,18,18.9,18.9,18.9
2025-08-31,19,18.1,18.1,18.1
2025-08-31,20,17.4,17.4,17.4
2025-08-31,21,16.9,16.9,16.9
2025-08-31,22,16.7,16.7,16.7
2025-08-31,23,16.5,16.5,16.5
2025-09-01,0,16.2,16.2,16.2
2025-09-01,1,15.9,15.9,15.9
2025-09-01,2,15.6,15.6,15.6
2025-09-01,3,15.3,15.3,15.3
2025-09-01,4,15.4,15.4,15.4
2025-09-01,5,15.4,15.4,15.4
2025-09-01,6,15.4,15.4,15.4
2025-09-01,7,15.5,15.5,15.5
2025-09-01,8,15.9,15.9,15.9
2025-09-01,9,17.6,17.6,17.6
2025-09-01,10,20.2,20.2,20.2
2025-09-01,11,21.9,21.9,21.9
2025-09-01,12,23.0,23.0,23.0
2025-09-01,13,23.9,23.9,23.9
2025-09-01,14,24.9,24.9,24.9
2025-09-01,15,25.0,25.0,25.0
2025-09-01,16,23.9,23.9,23.9
2025-09-01,17,22.2,22.2,22.2
2025-09-01,18,20.8,20.8,20.8
2025-09-01,19,19.5,19.5,19.5
2025-09-01,20,18.7,18.7,18.7
2025-09-01,21,18.1,18.1,18.1
2025-09-01,22,17.8,17.8,17.8
2025-09-01,23,17.2,17.2,17.2
2025-09-02,0,16.6,16.6,16.6
2025-09-02,1,16.2,16.2,16.2
2025-09-02,2,16.2,16.2,16.2
2025-09-02,3,16.3,16.3,16.3
2025-09-02,4,16.1,16.1,16.1
2025-09-02,5,15.9,15.9,15.9
2025-09-02,6,15.7,15.7,15.7
2025-09-02,7,15.9,15.9,15.9
2025-09-02,8,16.7,16.7,16.7
2025-09-02,9,18.6,18.6,18.6
2025-09-02,10,21.1,21.1,21.1
2025-09-02,11,23.2,23.2,23.2
2025-09-02,12,24.6,24.6,24.6
2025-09-02,13,25.3,25.3,25.3
2025-09-02,14,25.2,25.2,25.2
2025-09-02,15,24.9,24.9,24.9
2025-09-02,16,24.9,24.9,24.9
2025-09-02,17,24.8,24.8,24.8
2025-09-02,18,23.6,23.6,23.6
2025-09-02,19,22.5,22.5,22.5
2025-09-02,20,21.2,21.2,21.2
2025-09-02,21,20.0,20.0,20.0
2025-09-02,22,18.6,18.6,18.6
2025-09-02,23,17.8,17.8,17.8
2025-09-03,0,17.3,17.3,17.3
2025-09-03,1,16.7,16.7,16.7
2025-09-03,2,16.1,16.1,16.1
2025-09-03,3,15.7,15.7,15.7
2025-09-03,4,15.2,15.2,15.2
2025-09-03,5,14.9,14.9,14.9
2025-09-03,6,14.7,14.7,14.7
2025-09-03,7,14.7,14.7,14.7
2025-09-03,8,16.3,16.3,16.3
2025-09-03,9,18.6,18.6,18.6
2025-09-03,10,21.4,21.4,21.4
2025-09-03,11,23.8,23.8,23.8
2025-09-03,12,25.6,25.6,25.6
2025-09-03,13,26.7,26.7,26.7
2025-09-03,14,27.5,27.5,27.5
2025-09-03,15,27.6,27.6,27.6
2025-09-03,16,27.3,27.3,27.3
2025-09-03,17,26.7,26.7,26.7
2025-09-03,18,25.3,25.3,25.3
2025-09-03,19,23.4,23.4,23.4
2025-09-03,20,21.9,21.9,21.9
2025-09-03,21,20.8,20.8,20.8
2025-09-03,22,19.8,19.8,19.8
2025-09-03,23,18.9,18.9,18.9
2025-09-04,0,18.2,18.2,18.2
2025-09-04,1,17.4,17.4,17.4
2025-09-04,2,16.7,16.7,16.7
2025-09-04,3,16.1,16.1,16.1
2025-09-04,4,15.9,15.9,15.9
2025-09-04,5,15.4,15.4,15.4
2025-09-04,6,14.8,14.8,14.8
2025-09-04,7,14.8,14.8,14.8
2025-09-04,8,17.4,17.4,17.4
2025-09-04,9,20.7,20.7,20.7
2025-09-04,10,23.3,23.3,23.3
2025-09-04,11,25.2,25.2,25.2
2025-09-04,12,26.3,26.3,26.3
2025-09-04,13,27.3,27.3,27.3
2025-09-04,14,27.9,27.9,27.9
2025-09-04,15,28.0,28.0,28.0
2025-09-04,16,27.8,27.8,27.8
2025-09-04,17,27.0,27.0,27.0
2025-09-04,18,25.8,25.8,25.8
2025-09-04,19,24.9,24.9,24.9
2025-09-04,20,23.4,23.4,23.4
2025-09-04,21,21.8,21.8,21.8
2025-09-04,22,21.0,21.0,21.0
2025-09-04,23,20.0,20.0,20.0
2025-09-05,0,19.3,19.3,19.3
2025-09-05,1,18.5,18.5,18.5
2025-09-05,2,17.5,17.5,17.5
2025-09-05,3,16.7,16.7,16.7
2025-09-05,4,15.9,15.9,15.9
2025-09-05,5,15.9,15.9,15.9
2025-09-05,6,15.7,15.7,15.7
2025-09-05,7,15.6,15.6,15.6
2025-09-05,8,18.5,18.5,18.5
2025-09-05,9,22.2,22.2,22.2
2025-09-05,10,25.1,25.1,25.1
2025-09-05,11,27.2,27.2,27.2
2025-09-05,12,28.3,28.3,28.3
2025-09-05,13,29.1,29.1,29.1
2025-09-05,14,30.6,30.6,30.6
2025-09-05,15,26.7,26.7,26.7
2025-09-05,16,22.9,22.9,22.9
2025-09-05,17,21.6,21.6,21.6
2025-09-05,18,18.3,18.3,18.3
2025-09-05,19,18.1,18.1,18.1
2025-09-05,20,17.6,17.6,17.6
2025-09-05,21,17.0,17.0,17.0
2025-09-05,22,16.7,16.7,16.7
2025-09-05,23,16.6,16.6,16.6
2025-09-06,0,16.3,16.3,16.3
2025-09-06,1,16.1,16.1,16.1
2025-09-06,2,15.9,15.9,15.9
2025-09-06,3,15.7,15.7,15.7
2025-09-06,4,15.7,15.7,15.7
2025-09-06,5,15.7,15.7,15.7
2025-09-06,6,15.6,15.6,15.6
2025-09-06,7,15.5,15.5,15.5
2025-09-06,8,15.9,15.9,15.9
2025-09-06,9,16.4,16.4,16.4
2025-09-06,10,17.2,17.2,17.2
2025-09-06,11,18.1,18.1,18.1
2025-09-06,12,18.4,18.4,18.4
2025-09-06,13,18.7,18.7,18.7
2025-09-06,14,18.8,18.8,18.8
2025-09-06,15,18.2,18.2,18.2
2025-09-06,16,17.7,17.7,17.7
2025-09-06,17,17.1,17.1,17.1
2025-09-06,18,16.4,16.4,16.4
2025-09-06,19,15.9,15.9,15.9
2025-09-06,20,15.7,15.7,15.7
2025-09-06,21,15.8,15.8,15.8
2025-09-06,22,15.3,15.3,15.3
2025-09-06,23,15.4,15.4,15.4
2025-09-07,0,15.1,15.1,15.1
2025-09-07,1,15.1,15.1,15.1
2025-09-07,2,15.0,15.0,15.0
2025-09-07,3,15.0,15.0,15.0
2025-09-07,4,15.0,15.0,15.0
2025-09-07,5,15.1,15.1,15.1
2025-09-07,6,15.1,15.1,15.1
2025-09-07,7,15.4,15.4,15.4
2025-09-07,8,16.0,16.0,16.0
2025-09-07,9,17.1,17.1,17.1
2025-09-07,10,18.2,18.2,18.2
2025-09-07,11,18.8,18.8,18.8
2025-09-07,12,20.3,20.3,20.3
2025-09-07,13,20.5,20.5,20.5
2025-09-07,14,20.8,20.8,20.8
2025-09-07,15,21.3,21.3,21.3
2025-09-07,16,21.2,21.2,21.2
2025-09-07,17,19.6,19.6,19.6
2025-09-07,18,18.1,18.1,18.1
2025-09-07,19,17.3,17.3,17.3
2025-09-07,20,16.8,16.8,16.8
2025-09-07,21,16.6,16.6,16.6
2025-09-07,22,16.5,16.5,16.5
2025-09-07,23,16.5,16.5,16.5
2025-09-08,0,16.3,16.3,16.3
2025-09-08,1,16.2,16.2,16.2
2025-09-08,2,16.0,16.0,16.0
2025-09-08,3,15.8,15.8,15.8
2025-09-08,4,15.7,15.7,15.7
2025-09-08,5,15.7,15.7,15.7
2025-09-08,6,15.7,15.7,15.7
2025-09-08,7,16.1,16.1,16.1
2025-09-08,8,16.6,16.6,16.6
2025-09-08,9,18.1,18.1,18.1
2025-09-08,10,20.1,20.1,20.1
2025-09-08,11,22.4,22.4,22.4
2025-09-08,12,25.1,25.1,25.1
2025-09-08,13,27.1,27.1,27.1
2025-09-08,14,28.5,28.5,28.5
2025-09-08,15,29.2,29.2,29.2
2025-09-08,16,29.6,29.6,29.6
2025-09-08,17,29.4,29.4,29.4
2025-09-08,18,27.7,27.7,27.7
2025-09-08,19,25.4,25.4,25.4
2025-09-08,20,24.0,24.0,24.0
2025-09-08,21,23.3,23.3,23.3
2025-09-08,22,22.8,22.8,22.8
2025-09-08,23,22.3,22.3,22.3
2025-09-09,0,22.2,22.2,22.2
2025-09-09,1,22.5,22.5,22.5
2025-09-09,2,22.6,22.6,22.6
2025-09-09,3,22.0,22.0,22.0
2025-09-09,4,21.5,21.5,21.5
2025-09-09,5,21.3,21.3,21.3
2025-09-09,6,21.0,21.0,21.0
2025-09-09,7,21.0,21.0,21.0
2025-09-09,8,22.4,22.4,22.4
2025-09-09,9,24.4,24.4,24.4
2025-09-09,10,26.3,26.3,26.3
2025-09-09,11,24.8,24.8,24.8
2025-09-09,12,26.9,26.9,26.9
2025-09-09,13,26.7,26.7,26.7
2025-09-09,14,25.6,25.6,25.6
2025-09-09,15,25.7,25.7,25.7
2025-09-09,16,25.1,25.1,25.1
2025-09-09,17,25.2,25.2,25.2
2025-09-09,18,23.6,23.6,23.6
2025-09-09,19,22.4,22.4,22.4
2025-09-09,20,21.3,21.3,21.3
2025-09-09,21,20.7,20.7,20.7
2025-09-09,22,20.2,20.2,20.2
2025-09-09,23,19.6,19.6,19.6
2025-09-10,0,18.8,18.8,18.8
2025-09-10,1,18.1,18.1,18.1
2025-09-10,2,17.8,17.8,17.8
2025-09-10,3,16.9,16.9,16.9
2025-09-10,4,15.8,15.8,15.8
2025-09-10,5,15.0,15.0,15.0
2025-09-10,6,14.4,14.4,14.4
2025-09-10,7,14.4,14.4,14.4
2025-09-10,8,16.1,16.1,16.1
2025-09-10,9,18.5,18.5,18.5
2025-09-10,10,20.6,20.6,20.6
2025-09-10,11,22.7,22.7,22.7
2025-09-10,12,24.5,24.5,24.5
2025-09-10,13,25.8,25.8,25.8
2025-09-10,14,26.5,26.5,26.5
2025-09-10,15,26.9,26.9,26.9
2025-09-10,16,26.9,26.9,26.9
2025-09-10,17,23.3,23.3,23.3
2025-09-10,18,20.0,20.0,20.0
2025-09-10,19,18.4,18.4,18.4
2025-09-10,20,17.1,17.1,17.1
2025-09-10,21,16.4,16.4,16.4
2025-09-10,22,15.9,15.9,15.9
2025-09-10,23,15.4,15.4,15.4
2025-09-11,0,14.9,14.9,14.9
2025-09-11,1,14.4,14.4,14.4
2025-09-11,2,13.7,13.7,13.7
2025-09-11,3,13.3,13.3,13.3
2025-09-11,4,12.7,12.7,12.7
2025-09-11,5,12.2,12.2,12.2
2025-09-11,6,11.7,11.7,11.7
2025-09-11,7,11.9,11.9,11.9
2025-09-11,8,13.3,13.3,13.3
2025-09-11,9,15.8,15.8,15.8
2025-09-11,10,20.3,20.3,20.3
2025-09-11,11,24.3,24.3,24.3
2025-09-11,12,27.5,27.5,27.5
2025-09-11,13,29.5,29.5,29.5
2025-09-11,14,30.2,30.2,30.2
2025-09-11,15,30.5,30.5,30.5
2025-09-11,16,30.6,30.6,30.6
2025-09-11,17,27.9,27.9,27.9
2025-09-11,18,23.3,23.3,23.3
2025-09-11,19,21.4,21.4,21.4
2025-09-11,20,20.7,20.7,20.7
2025-09-11,21,20.1,20.1,20.1
2025-09-11,22,19.2,19.2,19.2
2025-09-11,23,18.7,18.7,18.7
2025-09-12,0,18.0,18.0,18.0
2025-09-12,1,17.4,17.4,17.4
2025-09-12,2,17.2,17.2,17.2
2025-09-12,3,16.3,16.3,16.3
2025-09-12,4,15.2,15.2,15.2
2025-09-12,5,14.3,14.3,14.3
2025-09-12,6,13.9,13.9,13.9
2025-09-12,7,14.2,14.2,14.2
2025-09-12,8,15.1,15.1,15.1
2025-09-12,9,17.0,17.0,17.0
2025-09-12,10,18.2,18.2,18.2
2025-09-12,11,19.9,19.9,19.9
2025-09-12,12,21.1,21.1,21.1
2025-09-12,13,21.9,21.9,21.9
2025-09-12,14,22.2,22.2,22.2
2025-09-12,15,21.5,21.5,21.5
2025-09-12,16,20.0,20.0,20.0
2025-09-12,17,18.4,18.4,18.4
2025-09-12,18,17.1,17.1,17.1
2025-09-12,19,16.3,16.3,16.3
2025-09-12,20,15.4,15.4,15.4
2025-09-12,21,14.6,14.6,14.6
2025-09-12,22,14.9,14.9,14.9
2025-09-12,23,14.8,14.8,14.8
2025-09-13,0,14.5,14.5,14.5
2025-09-13,1,14.1,14.1,14.1
2025-09-13,2,14.1,14.1,14.1
2025-09-13,3,14.0,14.0,14.0
2025-09-13,4,13.6,13.6,13.6
2025-09-13,5,12.9,12.9,12.9
2025-09-13,6,12.5,12.5,12.5
2025-09-13,7,12.9,12.9,12.9
2025-09-13,8,14.4,14.4,14.4
2025-09-13,9,16.2,16.2,16.2
2025-09-13,10,17.7,17.7,17.7
2025-09-13,11,19.2,19.2,19.2
2025-09-13,12,20.6,20.6,20.6
2025-09-13,13,22.0,22.0,22.0
2025-09-13,14,23.1,23.1,23.1
2025-09-13,15,22.5,22.5,22.5
2025-09-13,16,19.6,19.6,19.6
2025-09-13,17,18.3,18.3,18.3
2025-09-13,18,16.8,16.8,16.8
2025-09-13,19,15.8,15.8,15.8
2025-09-13,20,15.5,15.5,15.5
2025-09-13,21,15.2,15.2,15.2
2025-09-13,22,15.0,15.0,15.0
2025-09-13,23,14.6,14.6,14.6
2025-09-14,0,14.6,14.6,14.6
2025-09-14,1,14.5,14.5,14.5
2025-09-14,2,14.5,14.5,14.5
2025-09-14,3,14.4,14.4,14.4
2025-09-14,4,14.2,14.2,14.2
2025-09-14,5,14.1,14.1,14.1
2025-09-14,6,13.9,13.9,13.9
2025-09-14,7,14.1,14.1,14.1
2025-09-14,8,14.9,14.9,14.9
2025-09-14,9,16.6,16.6,16.6
2025-09-14,10,18.4,18.4,18.4
2025-09-14,11,20.8,20.8,20.8
2025-09-14,12,22.3,22.3,22.3
2025-09-14,13,23.8,23.8,23.8
2025-09-14,14,25.1,25.1,25.1
2025-09-14,15,25.8,25.8,25.8
2025-09-14,16,21.3,21.3,21.3
2025-09-14,17,19.3,19.3,19.3
2025-09-14,18,17.6,17.6,17.6
2025-09-14,19,16.7,16.7,16.7
2025-09-14,20,16.5,16.5,16.5
2025-09-14,21,16.0,16.0,16.0
2025-09-14,22,16.1,16.1,16.1
2025-09-14,23,15.7,15.7,15.7
2025-09-15,0,15.3,15.3,15.3
2025-09-15,1,15.0,15.0,15.0
2025-09-15,2,14.8,14.8,14.8
2025-09-15,3,14.4,14.4,14.4
2025-09-15,4,14.4,14.4,14.4
2025-09-15,5,14.6,14.6,14.6
2025-09-15,6,14.6,14.6,14.6
2025-09-15,7,14.8,14.8,14.8
2025-09-15,8,15.5,15.5,15.5
2025-09-15,9,17.3,17.3,17.3
2025-09-15,10,20.4,20.4,20.4
2025-09-15,11,22.8,22.8,22.8
2025-09-15,12,24.9,24.9,24.9
2025-09-15,13,26.6,26.6,26.6
2025-09-15,14,28.0,28.0,28.0
2025-09-15,15,28.5,28.5,28.5
2025-09-15,16,25.6,25.6,25.6
2025-09-15,17,22.6,22.6,22.6
2025-09-15,18,19.8,19.8,19.8
2025-09-15,19,18.5,18.5,18.5
2025-09-15,20,17.9,17.9,17.9
2025-09-15,21,17.2,17.2,17.2
2025-09-15,22,17.4,17.4,17.4
2025-09-15,23,17.2,17.2,17.2
2025-09-16,0,16.8,16.8,16.8
2025-09-16,1,16.4,16.4,16.4
2025-09-16,2,16.1,16.1,16.1
2025-09-16,3,15.9,15.9,15.9
2025-09-16,4,15.6,15.6,15.6
2025-09-16,5,15.4,15.4,15.4
2025-09-16,6,15.2,15.2,15.2
2025-09-16,7,15.4,15.4,15.4
2025-09-16,8,16.4,16.4,16.4
2025-09-16,9,18.2,18.2,18.2
2025-09-16,10,21.2,21.2,21.2
2025-09-16,11,24.6,24.6,24.6
2025-09-16,12,23.4,23.4,23.4
2025-09-16,13,25.9,25.9,25.9
2025-09-16,14,26.2,26.2,26.2
2025-09-16,15,24.2,24.2,24.2
2025-09-16,16,24.8,24.8,24.8
2025-09-16,17,24.3,24.3,24.3
2025-09-16,18,23.1,23.1,23.1
2025-09-16,19,22.1,22.1,22.1
2025-09-16,20,21.6,21.6,21.6
2025-09-16,21,20.7,20.7,20.7
2025-09-19,0,15.5,15.5,15.5
2025-09-19,1,15.3,15.3,15.3
2025-09-19,2,15.1,15.1,15.1
2025-09-19,3,15.1,15.1,15.1
2025-09-19,4,15.2,15.2,15.2
2025-09-19,5,15.1,15.1,15.1
2025-09-19,6,14.9,14.9,14.9
2025-09-19,7,15.4,15.4,15.4
2025-09-19,8,16.8,16.8,16.8
2025-09-19,9,18.8,18.8,18.8
2025-09-19,10,21.5,21.5,21.5
2025-09-19,11,23.9,23.9,23.9
2025-09-19,12,26.2,26.2,26.2
2025-09-19,13,28.2,28.2,28.2
2025-09-19,14,29.6,29.6,29.6
2025-09-19,15,30.3,30.3,30.3
2025-09-19,16,30.0,30.0,30.0
2025-09-19,17,29.0,29.0,29.0
2025-09-19,18,26.9,26.9,26.9
2025-09-19,19,25.6,25.6,25.6
2025-09-19,20,24.1,24.1,24.1
2025-09-19,21,22.7,22.7,22.7
2025-09-19,22,21.6,21.6,21.6
2025-09-19,23,20.9,20.9,20.9
2025-09-20,0,19.9,19.9,19.9
2025-09-20,1,19.6,19.6,19.6
2025-09-20,2,19.4,19.4,19.4
2025-09-20,3,19.4,19.4,19.4
2025-09-20,4,19.8,19.8,19.8
2025-09-20,5,20.2,20.2,20.2
2025-09-20,6,20.5,20.5,20.5
2025-09-20,7,21.1,21.1,21.1
2025-09-20,8,22.7,22.7,22.7
2025-09-20,9,24.2,24.2,24.2
2025-09-20,10,26.0,26.0,26.0
2025-09-20,11,27.6,27.6,27.6
2025-09-20,12,28.8,28.8,28.8
2025-09-20,13,29.8,29.8,29.8
2025-09-20,14,30.3,30.3,30.3
2025-09-20,15,30.5,30.5,30.5
2025-09-20,16,30.0,30.0,30.0
2025-09-20,17,29.0,29.0,29.0
2025-09-20,18,26.5,26.5,26.5
2025-09-20,19,24.6,24.6,24.6
2025-09-20,20,23.4,23.4,23.4
2025-09-20,21,22.6,22.6,22.6
2025-09-20,22,21.9,21.9,21.9
2025-09-20,23,21.6,21.6,21.6
2025-09-21,0,21.3,21.3,21.3
2025-09-21,1,21.1,21.1,21.1
2025-09-21,2,20.9,20.9,20.9
2025-09-21,3,20.9,20.9,20.9
2025-09-21,4,20.8,20.8,20.8
2025-09-21,5,20.9,20.9,20.9
2025-09-21,6,21.4,21.4,21.4
2025-09-21,7,22.6,22.6,22.6
2025-09-21,8,24.3,24.3,24.3
2025-09-21,9,26.0,26.0,26.0
2025-09-21,10,27.9,27.9,27.9
2025-09-21,11,29.9,29.9,29.9
2025-09-21,12,31.4,31.4,31.4
2025-09-21,13,32.0,32.0,32.0
2025-09-21,14,32.0,32.0,32.0
2025-09-21,15,31.7,31.7,31.7
2025-09-21,16,31.0,31.0,31.0
2025-09-21,17,30.0,30.0,30.0
2025-09-21,18,28.8,28.8,28.8
2025-09-21,19,27.3,27.3,27.3
2025-09-21,20,25.5,25.5,25.5
2025-09-21,21,24.2,24.2,24.2
2025-09-21,22,23.7,23.7,23.7
2025-09-21,23,23.5,23.5,23.5
2025-09-22,0,23.6,23.6,23.6
2025-09-22,1,24.0,24.0,24.0
2025-09-22,2,24.5,24.5,24.5
2025-09-22,3,24.8,24.8,24.8
2025-09-22,4,24.6,24.6,24.6
2025-09-22,5,24.1,24.1,24.1
2025-09-22,6,23.9,23.9,23.9
2025-09-22,7,24.0,24.0,24.0
2025-09-22,8,24.3,24.3,24.3
2025-09-22,9,24.4,24.4,24.4
2025-09-22,10,23.9,23.9,23.9
2025-09-22,11,23.2,23.2,23.2
2025-09-22,12,22.5,22.5,22.5
2025-09-22,13,21.7,21.7,21.7
2025-09-22,14,20.9,20.9,20.9
2025-09-22,15,20.4,20.4,20.4
2025-09-22,16,20.6,20.6,20.6
2025-09-22,17,20.2,20.2,20.2
2025-09-22,18,19.7,19.7,19.7
2025-09-22,19,19.0,19.0,19.0
2025-09-22,20,18.1,18.1,18.1
2025-09-22,21,17.3,17.3,17.3
2025-09-22,22,16.5,16.5,16.5
2025-09-22,23,15.6,15.6,15.6
2025-09-23,0,15.0,15.0,15.0
2025-09-23,1,14.8,14.8,14.8
2025-09-23,2,14.8,14.8,14.8
2025-09-23,3,14.9,14.9,14.9
2025-09-23,4,14.8,14.8,14.8
2025-09-23,5,14.8,14.8,14.8
2025-09-23,6,14.7,14.7,14.7
2025-09-23,7,14.6,14.6,14.6
2025-09-23,8,14.4,14.4,14.4
2025-09-23,9,14.5,14.5,14.5
2025-09-23,10,15.3,15.3,15.3
2025-09-23,11,16.4,16.4,16.4
2025-09-23,12,17.3,17.3,17.3
2025-09-23,13,17.8,17.8,17.8
2025-09-23,14,18.2,18.2,18.2
2025-09-23,15,18.1,18.1,18.1
2025-09-23,16,17.3,17.3,17.3
2025-09-23,17,16.1,16.1,16.1
2025-09-23,18,15.1,15.1,15.1
2025-09-23,19,14.3,14.3,14.3
2025-09-23,20,13.6,13.6,13.6
2025-09-23,21,13.1,13.1,13.1
2025-09-23,22,12.8,12.8,12.8
2025-09-23,23,12.8,12.8,12.8
